country,type,release_year,total_titles
United States,Movie,2017,284
United States,Movie,2018,246
United States,Movie,2019,217
United States,Movie,2016,210
United States,Movie,2020,177
United States,TV Show,2020,159
United States,TV Show,2019,134
United States,Movie,2015,113
United States,TV Show,2018,110
India,Movie,2017,98
United States,TV Show,2021,89
India,Movie,2018,81
United States,Movie,2014,76
India,Movie,2019,74
India,Movie,2016,72
United States,Movie,2013,71
United States,TV Show,2017,68
India,Movie,2020,59
United States,Movie,2012,59
India,Movie,2015,53
United States,TV Show,2016,53
India,Movie,2013,51
United States,Movie,2021,49
United States,Movie,2010,48
United States,Movie,2011,47
India,Movie,2014,46
United States,Movie,2008,39
United States,Movie,2009,37
India,Movie,2012,36
United Kingdom,Movie,2016,36
United Kingdom,Movie,2017,35
India,Movie,2010,32
United States,TV Show,2015,32
United Kingdom,TV Show,2017,31
Japan,TV Show,2018,30
India,Movie,2011,29
United Kingdom,TV Show,2018,29
United States,Movie,2007,29
Canada,Movie,2018,27
India,Movie,2009,27
United States,Movie,2006,27
United Kingdom,Movie,2018,26
United Kingdom,TV Show,2016,26
India,Movie,2008,25
Spain,Movie,2018,25
United Kingdom,TV Show,2020,25
South Korea,TV Show,2020,24
South Korea,TV Show,2016,23
South Korea,TV Show,2017,23
Canada,Movie,2017,22
India,Movie,2021,22
India,Movie,2005,20
India,Movie,2006,20
United States,Movie,1997,20
United States,Movie,2001,20
Japan,TV Show,2017,19
South Korea,TV Show,2019,19
United Kingdom,Movie,2020,19
United Kingdom,TV Show,2015,19
United Kingdom,TV Show,2019,19
United States,Movie,2003,19
United States,Movie,2005,19
Japan,TV Show,2019,18
Spain,Movie,2017,18
United Kingdom,Movie,2019,18
United States,TV Show,2014,18
South Korea,TV Show,2018,17
United Kingdom,Movie,2015,17
United States,Movie,1998,17
Canada,Movie,2020,16
India,Movie,2007,16
India,TV Show,2020,16
Nigeria,Movie,2018,16
Nigeria,Movie,2019,16
United Kingdom,TV Show,2021,16
United States,Movie,2000,16
Canada,Movie,2016,15
India,Movie,2004,15
United Kingdom,Movie,2014,15
United States,Movie,1996,15
United States,Movie,2002,15
United States,Movie,2004,15
France,Movie,2019,14
Indonesia,Movie,2020,14
Mexico,Movie,2016,14
Spain,Movie,2016,14
United States,Movie,1995,14
United States,Movie,1999,14
United States,TV Show,2013,14
Canada,Movie,2019,13
India,TV Show,2018,13
India,TV Show,2019,13
Indonesia,Movie,2018,13
Japan,TV Show,2020,13
Nigeria,Movie,2016,13
Nigeria,Movie,2017,13
South Korea,TV Show,2021,13
Canada,TV Show,2016,12
China,TV Show,2019,12
France,Movie,2016,12
India,Movie,2003,12
Japan,TV Show,2014,12
Japan,TV Show,2016,12
Nigeria,Movie,2020,12
Philippines,Movie,2019,12
Spain,Movie,2019,12
United States,Movie,1988,12
Brazil,TV Show,2020,11
Canada,Movie,2015,11
Egypt,Movie,2017,11
France,Movie,2017,11
France,TV Show,2018,11
France,TV Show,2019,11
Germany,Movie,2020,11
Mexico,Movie,2018,11
South Korea,Movie,2018,11
South Korea,TV Show,2015,11
Spain,Movie,2020,11
"United Kingdom, United States",Movie,2018,11
United States,Movie,1993,11
United States,TV Show,2012,11
Australia,TV Show,2016,10
Brazil,Movie,2019,10
Canada,TV Show,2020,10
India,Movie,2002,10
Italy,Movie,2020,10
Japan,Movie,2017,10
Japan,Movie,2018,10
Japan,TV Show,2021,10
Mexico,Movie,2017,10
Mexico,Movie,2020,10
Philippines,Movie,2015,10
South Korea,TV Show,2012,10
Spain,Movie,2015,10
Spain,TV Show,2019,10
Spain,TV Show,2020,10
Turkey,Movie,2014,10
Turkey,Movie,2015,10
United Kingdom,TV Show,2013,10
Brazil,Movie,2020,9
Canada,TV Show,2018,9
Egypt,Movie,2012,9
Germany,TV Show,2020,9
India,TV Show,2015,9
India,TV Show,2021,9
Indonesia,Movie,2019,9
Japan,TV Show,2015,9
Mexico,TV Show,2019,9
Philippines,Movie,2016,9
Philippines,Movie,2018,9
Spain,TV Show,2021,9
United Kingdom,TV Show,2014,9
United States,Movie,1991,9
United States,TV Show,2011,9
Argentina,Movie,2018,8
Australia,TV Show,2018,8
Brazil,Movie,2017,8
Brazil,Movie,2018,8
"Canada, United States",Movie,2017,8
Egypt,Movie,2011,8
Egypt,Movie,2018,8
France,Movie,2015,8
France,Movie,2018,8
France,Movie,2020,8
France,TV Show,2020,8
Germany,Movie,2016,8
Indonesia,Movie,2016,8
Japan,TV Show,2008,8
Mexico,TV Show,2020,8
Philippines,Movie,2017,8
South Korea,Movie,2017,8
Spain,TV Show,2018,8
Taiwan,Movie,2020,8
Taiwan,TV Show,2015,8
Taiwan,TV Show,2016,8
United States,Movie,1989,8
United States,Movie,1990,8
United States,Movie,1994,8
Argentina,Movie,2020,7
Australia,TV Show,2019,7
Brazil,TV Show,2019,7
Canada,Movie,2014,7
China,Movie,2017,7
India,Movie,2000,7
India,Movie,2001,7
Indonesia,Movie,2017,7
Japan,Movie,2016,7
Japan,Movie,2019,7
Japan,Movie,2020,7
South Korea,TV Show,2014,7
Taiwan,TV Show,2017,7
Thailand,TV Show,2019,7
Turkey,Movie,2016,7
Turkey,Movie,2017,7
United Kingdom,TV Show,2012,7
"United Kingdom, United States",Movie,2016,7
United States,Movie,1987,7
Argentina,Movie,2016,6
Argentina,Movie,2019,6
Australia,Movie,2016,6
Australia,Movie,2018,6
China,Movie,2016,6
China,TV Show,2018,6
China,TV Show,2020,6
Colombia,Movie,2018,6
Egypt,TV Show,2018,6
France,TV Show,2017,6
"France, Belgium",Movie,2018,6
India,Movie,1982,6
India,Movie,1998,6
India,Movie,1999,6
Italy,TV Show,2020,6
Malaysia,Movie,2018,6
Mexico,Movie,2019,6
Mexico,TV Show,2021,6
Philippines,Movie,2013,6
South Korea,Movie,2016,6
South Korea,Movie,2021,6
Spain,TV Show,2017,6
Taiwan,TV Show,2009,6
Taiwan,TV Show,2013,6
Turkey,Movie,2013,6
Turkey,Movie,2018,6
Turkey,Movie,2019,6
United Kingdom,Movie,2021,6
United Kingdom,TV Show,2011,6
United States,Movie,1986,6
United States,Movie,1992,6
United States,TV Show,2005,6
United States,TV Show,2008,6
United States,TV Show,2010,6
"United States, Canada",Movie,2011,6
"United States, Canada",Movie,2012,6
Argentina,TV Show,2019,5
Argentina,TV Show,2020,5
Australia,Movie,2015,5
Australia,Movie,2020,5
Australia,TV Show,2017,5
Australia,TV Show,2021,5
Brazil,Movie,2016,5
Brazil,TV Show,2018,5
Canada,TV Show,2019,5
"Canada, United States",Movie,2016,5
"Canada, United States",Movie,2018,5
Colombia,TV Show,2019,5
Egypt,Movie,2006,5
Egypt,Movie,2008,5
Egypt,Movie,2010,5
Egypt,Movie,2013,5
Egypt,Movie,2016,5
France,Movie,2021,5
"France, Belgium",Movie,2016,5
Germany,Movie,2014,5
Germany,Movie,2017,5
Germany,Movie,2019,5
India,Movie,1994,5
India,Movie,1995,5
India,TV Show,2014,5
Italy,Movie,2019,5
Japan,Movie,2013,5
Japan,TV Show,2010,5
Japan,TV Show,2011,5
Japan,TV Show,2013,5
Mexico,Movie,2015,5
Nigeria,Movie,2015,5
Poland,Movie,2020,5
Singapore,TV Show,2014,5
South Korea,TV Show,2013,5
Spain,Movie,2021,5
Taiwan,TV Show,2012,5
Taiwan,TV Show,2019,5
Turkey,TV Show,2014,5
United Arab Emirates,Movie,2019,5
United Kingdom,Movie,2013,5
"United Kingdom, United States",Movie,2019,5
United States,Movie,1976,5
United States,Movie,1980,5
United States,Movie,1981,5
United States,Movie,1984,5
United States,TV Show,2006,5
United States,TV Show,2009,5
"United States, Canada",Movie,2016,5
"United States, Canada",TV Show,2019,5
"United States, United Kingdom",Movie,2018,5
Australia,Movie,2017,4
Australia,Movie,2019,4
Australia,TV Show,2015,4
Australia,TV Show,2020,4
Canada,TV Show,2014,4
Canada,TV Show,2017,4
China,Movie,2018,4
China,Movie,2019,4
China,Movie,2021,4
China,TV Show,2017,4
"China, Hong Kong",Movie,2016,4
Colombia,TV Show,2020,4
Egypt,Movie,2009,4
Egypt,Movie,2014,4
Egypt,Movie,2019,4
France,Movie,2014,4
Germany,Movie,2015,4
Germany,TV Show,2021,4
Hong Kong,Movie,2016,4
India,Movie,1983,4
India,Movie,1990,4
Indonesia,Movie,2011,4
Indonesia,Movie,2015,4
Indonesia,Movie,2021,4
Italy,Movie,2021,4
Japan,TV Show,2006,4
Japan,TV Show,2012,4
Mexico,TV Show,2016,4
Mexico,TV Show,2018,4
Netherlands,Movie,2018,4
New Zealand,Movie,2016,4
Pakistan,Movie,2016,4
Pakistan,Movie,2017,4
Philippines,Movie,2014,4
Philippines,Movie,2020,4
Russia,TV Show,2015,4
South Africa,Movie,2021,4
South Korea,Movie,2020,4
"Spain, France",Movie,2018,4
Taiwan,TV Show,2011,4
Taiwan,TV Show,2018,4
Thailand,Movie,2010,4
Thailand,Movie,2011,4
Thailand,Movie,2019,4
Thailand,TV Show,2018,4
Turkey,Movie,2010,4
Turkey,TV Show,2016,4
United Kingdom,Movie,2008,4
"United Kingdom, United States",Movie,2021,4
United States,Movie,1973,4
United States,TV Show,2007,4
"United States, Japan",TV Show,2019,4
"United States, Mexico",Movie,2019,4
"United States, United Kingdom",Movie,2014,4
Belgium,TV Show,2017,3
Brazil,Movie,2013,3
Brazil,Movie,2015,3
Brazil,Movie,2021,3
Canada,Movie,2010,3
Canada,TV Show,2012,3
Canada,TV Show,2021,3
"Canada, United States",TV Show,2020,3
Chile,Movie,2018,3
"China, Hong Kong",Movie,2017,3
Colombia,TV Show,2018,3
Denmark,TV Show,2018,3
"France, Belgium",Movie,2015,3
"France, Belgium",Movie,2017,3
Germany,Movie,2018,3
Germany,TV Show,2019,3
Hong Kong,Movie,1983,3
Hong Kong,Movie,1984,3
Hong Kong,Movie,1992,3
Hong Kong,Movie,2009,3
Hong Kong,Movie,2010,3
India,Movie,1993,3
India,Movie,1996,3
India,Movie,1997,3
India,TV Show,2010,3
India,TV Show,2013,3
India,TV Show,2017,3
Indonesia,Movie,2008,3
Indonesia,Movie,2009,3
Indonesia,Movie,2013,3
Ireland,Movie,2016,3
Ireland,Movie,2017,3
Italy,Movie,2016,3
Italy,Movie,2017,3
Italy,Movie,2018,3
Japan,Movie,2004,3
Japan,Movie,2011,3
Japan,TV Show,2009,3
"Japan, United States",Movie,2016,3
Lebanon,Movie,2017,3
Malaysia,TV Show,2017,3
Mexico,Movie,2014,3
Mexico,Movie,2021,3
Netherlands,Movie,2015,3
New Zealand,Movie,2018,3
Nigeria,Movie,2014,3
Norway,TV Show,2020,3
Pakistan,Movie,2018,3
Philippines,Movie,2008,3
Philippines,Movie,2012,3
Russia,TV Show,2017,3
Singapore,TV Show,2009,3
Singapore,TV Show,2011,3
South Africa,Movie,2016,3
South Africa,Movie,2017,3
South Africa,Movie,2019,3
South Africa,TV Show,2020,3
South Korea,Movie,2019,3
South Korea,TV Show,2009,3
Taiwan,Movie,2018,3
Taiwan,TV Show,2014,3
Taiwan,TV Show,2020,3
Thailand,Movie,2012,3
Thailand,Movie,2017,3
Thailand,TV Show,2016,3
Thailand,TV Show,2020,3
Turkey,Movie,2011,3
Turkey,Movie,2012,3
Turkey,Movie,2020,3
Turkey,TV Show,2013,3
Turkey,TV Show,2015,3
Turkey,TV Show,2018,3
Turkey,TV Show,2020,3
Turkey,TV Show,2021,3
United Arab Emirates,Movie,2018,3
United Kingdom,Movie,1994,3
United Kingdom,Movie,2011,3
United Kingdom,TV Show,2010,3
"United Kingdom, United States",Movie,1997,3
"United Kingdom, United States",Movie,2013,3
"United Kingdom, United States",Movie,2020,3
"United Kingdom, United States",TV Show,2018,3
United States,Movie,1943,3
United States,Movie,1945,3
United States,Movie,1967,3
United States,Movie,1974,3
United States,Movie,1978,3
United States,TV Show,1990,3
United States,TV Show,1999,3
United States,TV Show,2001,3
United States,TV Show,2003,3
"United States, Canada",Movie,2007,3
"United States, Canada",Movie,2010,3
"United States, Canada",Movie,2013,3
"United States, Canada",Movie,2015,3
"United States, Canada",Movie,2017,3
"United States, Canada",Movie,2018,3
"United States, Canada",Movie,2019,3
"United States, Canada",TV Show,2017,3
"United States, Canada",TV Show,2018,3
"United States, Canada",TV Show,2020,3
"United States, France",Movie,2010,3
"United States, France",Movie,2012,3
"United States, Germany",Movie,2006,3
"United States, United Kingdom",Movie,2007,3
"United States, United Kingdom",Movie,2017,3
"United States, United Kingdom",TV Show,2021,3
Argentina,Movie,1985,2
Argentina,Movie,2015,2
Argentina,Movie,2017,2
Argentina,TV Show,2015,2
Argentina,TV Show,2017,2
Argentina,TV Show,2018,2
"Argentina, Spain",Movie,2017,2
"Argentina, Spain",Movie,2018,2
Australia,Movie,2012,2
Australia,Movie,2021,2
"Australia, United Arab Emirates",Movie,2017,2
"Australia, United States",Movie,2014,2
"Australia, United States",Movie,2018,2
"Australia, United States",TV Show,2019,2
Austria,Movie,2020,2
Bangladesh,Movie,2018,2
Belgium,TV Show,2019,2
Belgium,TV Show,2021,2
"Belgium, France",Movie,2016,2
"Bulgaria, United States",Movie,2017,2
Canada,Movie,2006,2
Canada,Movie,2011,2
Canada,TV Show,2007,2
Canada,TV Show,2015,2
"Canada, South Africa",Movie,2018,2
"Canada, United States",Movie,2015,2
"Canada, United States",Movie,2019,2
"Canada, United States",Movie,2020,2
"Canada, United States",TV Show,1997,2
"Canada, United States",TV Show,2018,2
"Canada, United States, United Kingdom",Movie,2016,2
Chile,Movie,2016,2
Chile,Movie,2019,2
China,Movie,2020,2
China,TV Show,2010,2
China,TV Show,2012,2
China,TV Show,2015,2
China,TV Show,2016,2
"China, Canada, United States",Movie,2017,2
"China, Hong Kong",Movie,2018,2
Colombia,Movie,2019,2
Colombia,Movie,2020,2
Colombia,Movie,2021,2
Colombia,TV Show,2012,2
Colombia,TV Show,2016,2
Denmark,Movie,2018,2
Denmark,TV Show,2016,2
"Denmark, United States",TV Show,2020,2
Egypt,Movie,1976,2
Egypt,Movie,2004,2
Egypt,Movie,2007,2
Egypt,Movie,2015,2
Egypt,TV Show,2017,2
Egypt,TV Show,2020,2
France,TV Show,2014,2
France,TV Show,2015,2
France,TV Show,2016,2
France,TV Show,2021,2
"France, Belgium",Movie,2013,2
"France, Belgium",Movie,2019,2
"France, United States",TV Show,2018,2
"France, United States",TV Show,2021,2
Germany,Movie,2013,2
Germany,TV Show,2018,2
"Germany, United States",Movie,1999,2
"Germany, United States",Movie,2008,2
"Germany, United States",Movie,2009,2
"Germany, United States",Movie,2016,2
Hong Kong,Movie,1978,2
Hong Kong,Movie,1980,2
Hong Kong,Movie,1982,2
Hong Kong,Movie,1985,2
Hong Kong,Movie,1993,2
Hong Kong,Movie,1995,2
Hong Kong,Movie,2013,2
Hong Kong,Movie,2014,2
Hong Kong,Movie,2019,2
"Hong Kong, China",Movie,2013,2
"Hong Kong, China",Movie,2016,2
India,Movie,1971,2
India,Movie,1972,2
India,Movie,1973,2
India,Movie,1974,2
India,Movie,1975,2
India,Movie,1976,2
India,Movie,1977,2
India,Movie,1979,2
India,Movie,1980,2
India,Movie,1985,2
India,Movie,1986,2
India,Movie,1988,2
India,Movie,1989,2
India,TV Show,2012,2
"India, United States",Movie,2015,2
Ireland,TV Show,2018,2
Israel,Movie,2018,2
Israel,TV Show,2017,2
Israel,TV Show,2021,2
Italy,Movie,2015,2
Italy,TV Show,2016,2
Italy,TV Show,2021,2
Japan,Movie,2002,2
Japan,Movie,2003,2
Japan,Movie,2008,2
Japan,Movie,2010,2
Japan,Movie,2012,2
Japan,Movie,2014,2
Japan,Movie,2015,2
Japan,Movie,2021,2
Japan,TV Show,2003,2
Kuwait,Movie,2019,2
Kuwait,TV Show,2019,2
Lebanon,Movie,2010,2
Lebanon,TV Show,2018,2
Lebanon,TV Show,2019,2
Malaysia,Movie,2015,2
Mexico,Movie,2012,2
Mexico,TV Show,2004,2
Mexico,TV Show,2010,2
Mexico,TV Show,2017,2
"Mexico, United States",Movie,2017,2
"Mexico, United States",Movie,2019,2
"Mexico, United States",TV Show,2018,2
"Mexico, United States",TV Show,2020,2
Netherlands,Movie,2020,2
Netherlands,Movie,2021,2
Netherlands,TV Show,2020,2
New Zealand,Movie,2015,2
Nigeria,Movie,2013,2
Nigeria,Movie,2021,2
Nigeria,TV Show,2017,2
Nigeria,TV Show,2018,2
Nigeria,TV Show,2021,2
Norway,Movie,2016,2
Norway,Movie,2020,2
"Norway, Iceland, United States",Movie,2018,2
Pakistan,Movie,2015,2
Peru,Movie,2017,2
Poland,Movie,2017,2
Poland,Movie,2021,2
Poland,TV Show,2021,2
Romania,Movie,2019,2
Russia,TV Show,2018,2
Russia,TV Show,2019,2
Saudi Arabia,Movie,2020,2
Singapore,TV Show,2012,2
Singapore,TV Show,2016,2
South Africa,Movie,2012,2
South Africa,Movie,2013,2
South Africa,Movie,2015,2
South Africa,Movie,2018,2
South Africa,Movie,2020,2
"South Africa, United States",Movie,2015,2
South Korea,TV Show,2010,2
"South Korea, United States",TV Show,2018,2
Spain,TV Show,2013,2
Spain,TV Show,2016,2
Sweden,Movie,2016,2
Sweden,Movie,2021,2
Sweden,TV Show,2017,2
Sweden,TV Show,2019,2
Sweden,TV Show,2020,2
"Sweden, United States",Movie,2016,2
Taiwan,Movie,2019,2
Taiwan,TV Show,2002,2
Taiwan,TV Show,2004,2
Taiwan,TV Show,2005,2
Thailand,Movie,2007,2
Thailand,Movie,2009,2
Thailand,Movie,2015,2
Thailand,Movie,2018,2
Thailand,Movie,2021,2
Thailand,TV Show,2015,2
Thailand,TV Show,2017,2
Thailand,TV Show,2021,2
Turkey,Movie,2004,2
Turkey,Movie,2005,2
Turkey,Movie,2006,2
Turkey,Movie,2021,2
United Arab Emirates,Movie,2016,2
United Kingdom,Movie,1998,2
United Kingdom,Movie,2010,2
United Kingdom,Movie,2012,2
United Kingdom,TV Show,2006,2
United Kingdom,TV Show,2008,2
United Kingdom,TV Show,2009,2
"United Kingdom, Canada",TV Show,2019,2
"United Kingdom, Canada, United States",Movie,2017,2
"United Kingdom, France",Movie,2015,2
"United Kingdom, France, United States",Movie,2015,2
"United Kingdom, Germany",Movie,2012,2
"United Kingdom, Japan, United States",Movie,1992,2
"United Kingdom, United States",Movie,2008,2
"United Kingdom, United States",Movie,2009,2
"United Kingdom, United States",Movie,2011,2
"United Kingdom, United States",Movie,2012,2
"United Kingdom, United States",Movie,2014,2
"United Kingdom, United States",Movie,2015,2
"United Kingdom, United States",Movie,2017,2
"United Kingdom, United States",TV Show,2017,2
"United Kingdom, United States",TV Show,2019,2
"United Kingdom, United States",TV Show,2020,2
"United Kingdom, United States, Spain, Germany, Greece, Canada",Movie,2011,2
United States,Movie,1942,2
United States,Movie,1944,2
United States,Movie,1958,2
United States,Movie,1960,2
United States,Movie,1972,2
United States,Movie,1977,2
United States,Movie,1979,2
United States,Movie,1982,2
United States,Movie,1983,2
United States,TV Show,1988,2
United States,TV Show,1992,2
United States,TV Show,1993,2
United States,TV Show,2000,2
United States,TV Show,2004,2
"United States, Australia",Movie,2003,2
"United States, Australia",Movie,2010,2
"United States, Australia",Movie,2015,2
"United States, Canada",Movie,2000,2
"United States, Canada",Movie,2008,2
"United States, Canada",Movie,2009,2
"United States, Canada",Movie,2014,2
"United States, Canada",TV Show,2021,2
"United States, China",Movie,2008,2
"United States, China",Movie,2016,2
"United States, China",Movie,2017,2
"United States, Colombia",TV Show,2018,2
"United States, Czech Republic",TV Show,2018,2
"United States, France",Movie,2008,2
"United States, France",Movie,2014,2
"United States, France, Japan",TV Show,1997,2
"United States, Germany",Movie,1997,2
"United States, Germany",Movie,2004,2
"United States, Germany",Movie,2005,2
"United States, Germany",Movie,2009,2
"United States, Greece",Movie,2016,2
"United States, India",Movie,2011,2
"United States, India",Movie,2015,2
"United States, Mexico",Movie,2017,2
"United States, Spain",Movie,2016,2
"United States, United Kingdom",Movie,2008,2
"United States, United Kingdom",Movie,2009,2
"United States, United Kingdom",Movie,2010,2
"United States, United Kingdom",Movie,2011,2
"United States, United Kingdom",TV Show,2009,2
"United States, United Kingdom, France",Movie,2009,2
Vietnam,Movie,2019,2
", France, Algeria",Movie,2014,1
", South Korea",TV Show,2021,1
Argentina,Movie,1998,1
Argentina,Movie,2004,1
Argentina,Movie,2006,1
Argentina,Movie,2007,1
Argentina,Movie,2021,1
Argentina,TV Show,2016,1
Argentina,TV Show,2021,1
"Argentina, Brazil, France, Poland, Germany, Denmark",Movie,2017,1
"Argentina, Chile",Movie,2006,1
"Argentina, Chile",Movie,2017,1
"Argentina, Chile, Peru",Movie,2015,1
"Argentina, France",Movie,2017,1
"Argentina, France, United States, Germany, Qatar",Movie,2017,1
"Argentina, Italy",Movie,2017,1
"Argentina, Spain",Movie,1993,1
"Argentina, Spain",Movie,2013,1
"Argentina, Spain",Movie,2016,1
"Argentina, Spain",TV Show,2006,1
"Argentina, United States",Movie,2019,1
"Argentina, United States, Mexico",TV Show,2020,1
"Argentina, Uruguay, Serbia",Movie,2018,1
"Argentina, Uruguay, Spain, France",Movie,2017,1
"Argentina, Venezuela",Movie,2014,1
Australia,Movie,1981,1
Australia,Movie,1992,1
Australia,Movie,1998,1
Australia,Movie,2005,1
Australia,Movie,2011,1
Australia,TV Show,1999,1
Australia,TV Show,2007,1
Australia,TV Show,2009,1
Australia,TV Show,2012,1
Australia,TV Show,2013,1
"Australia, Armenia, Japan, Jordan, Mexico, Mongolia, New Zealand, Philippines, South Africa, Sweden, United States, Uruguay",Movie,2017,1
"Australia, Canada",Movie,2017,1
"Australia, Canada",TV Show,2018,1
"Australia, France",Movie,2013,1
"Australia, France, Ireland",Movie,2010,1
"Australia, Germany",TV Show,2020,1
"Australia, India",Movie,2016,1
"Australia, Iraq",Movie,2015,1
"Australia, New Zealand",TV Show,2020,1
"Australia, New Zealand, United States",TV Show,2017,1
"Australia, United Kingdom",Movie,1992,1
"Australia, United Kingdom",TV Show,2021,1
"Australia, United Kingdom, Canada",Movie,2014,1
"Australia, United Kingdom, United Arab Emirates, Canada",Movie,2015,1
"Australia, United Kingdom, United States, New Zealand, Italy, France",Movie,2014,1
"Australia, United States",Movie,1979,1
"Australia, United States",Movie,1990,1
"Australia, United States",Movie,2001,1
"Australia, United States",Movie,2006,1
"Australia, United States",Movie,2015,1
"Australia, United States",Movie,2021,1
"Australia, United States",TV Show,2017,1
Austria,Movie,2016,1
Austria,Movie,2017,1
Austria,Movie,2019,1
"Austria, Czech Republic",Movie,2014,1
"Austria, Germany",TV Show,2020,1
"Austria, Iraq, United States",Movie,2018,1
"Austria, United States",Movie,2017,1
Bangladesh,Movie,2017,1
Belarus,TV Show,2016,1
Belgium,Movie,2015,1
Belgium,TV Show,2018,1
"Belgium, France",Movie,2021,1
"Belgium, France, Netherlands",Movie,2016,1
"Belgium, Ireland, Netherlands, Germany, Afghanistan",Movie,2016,1
"Belgium, Netherlands",Movie,2021,1
"Belgium, Netherlands",TV Show,2020,1
"Belgium, United Kingdom",Movie,2021,1
"Belgium, United Kingdom, United States",Movie,2018,1
Brazil,Movie,2012,1
Brazil,TV Show,2014,1
Brazil,TV Show,2016,1
Brazil,TV Show,2017,1
Brazil,TV Show,2021,1
"Brazil, France",Movie,2017,1
"Brazil, France",Movie,2020,1
"Brazil, France, Germany",Movie,2002,1
"Brazil, India, China, United States",Movie,2017,1
"Brazil, Netherlands, United States, Colombia, Austria, Germany",Movie,2016,1
"Brazil, United Kingdom",TV Show,2020,1
"Brazil, United States",Movie,2012,1
Bulgaria,Movie,2018,1
"Bulgaria, United States",Movie,2016,1
"Bulgaria, United States, Spain, Canada",Movie,2014,1
Cambodia,Movie,2017,1
"Cambodia, United States",Movie,2017,1
Cameroon,Movie,2020,1
Canada,Movie,1998,1
Canada,Movie,2004,1
Canada,Movie,2008,1
Canada,Movie,2009,1
Canada,TV Show,1998,1
Canada,TV Show,2009,1
Canada,TV Show,2010,1
Canada,TV Show,2011,1
Canada,TV Show,2013,1
"Canada, Australia",TV Show,2015,1
"Canada, Australia",TV Show,2019,1
"Canada, Belgium",Movie,2018,1
"Canada, Brazil",TV Show,2019,1
"Canada, France",TV Show,2016,1
"Canada, France, Italy, Morocco, United States",Movie,2014,1
"Canada, France, United States",Movie,2012,1
"Canada, Germany",Movie,2019,1
"Canada, Germany, France, United States",Movie,2014,1
"Canada, Germany, South Africa",TV Show,2017,1
"Canada, Hungary, United States",Movie,2020,1
"Canada, India",Movie,2014,1
"Canada, India",Movie,2017,1
"Canada, India, Thailand, United States, United Arab Emirates",Movie,2016,1
"Canada, Ireland, United States",Movie,2016,1
"Canada, Japan, Netherlands",TV Show,2017,1
"Canada, Japan, United States",Movie,2018,1
"Canada, Luxembourg",Movie,2014,1
"Canada, Mexico, Germany, South Africa",Movie,2015,1
"Canada, Nigeria",Movie,2010,1
"Canada, Nigeria, United States",Movie,2015,1
"Canada, Norway",Movie,2019,1
"Canada, South Korea, United States",Movie,2014,1
"Canada, Spain",Movie,2016,1
"Canada, Spain, France",Movie,2013,1
"Canada, United Kingdom",Movie,2020,1
"Canada, United Kingdom",TV Show,2016,1
"Canada, United Kingdom, Netherlands",Movie,2015,1
"Canada, United Kingdom, United States",Movie,2016,1
"Canada, United Kingdom, United States",TV Show,2014,1
"Canada, United States",Movie,1997,1
"Canada, United States",Movie,2004,1
"Canada, United States",Movie,2006,1
"Canada, United States",Movie,2008,1
"Canada, United States",Movie,2012,1
"Canada, United States",Movie,2013,1
"Canada, United States",Movie,2014,1
"Canada, United States",Movie,2021,1
"Canada, United States",TV Show,2009,1
"Canada, United States",TV Show,2015,1
"Canada, United States",TV Show,2016,1
"Canada, United States",TV Show,2017,1
"Canada, United States",TV Show,2019,1
"Canada, United States",TV Show,2021,1
"Canada, United States, Cayman Islands",Movie,2021,1
"Canada, United States, Denmark",Movie,2014,1
"Canada, United States, France",TV Show,2015,1
"Canada, United States, France",TV Show,2017,1
"Canada, United States, Germany",Movie,2018,1
"Canada, United States, India, United Kingdom",Movie,2010,1
"Canada, United States, Ireland",TV Show,2021,1
"Canada, United States, Mexico",Movie,2015,1
"Canada, United States, United Kingdom",Movie,2015,1
"Canada, United States, United Kingdom",Movie,2020,1
"Canada, United States, United Kingdom, France, Luxembourg",TV Show,2011,1
Chile,Movie,2013,1
Chile,Movie,2015,1
Chile,Movie,2017,1
Chile,Movie,2020,1
Chile,TV Show,2013,1
Chile,TV Show,2015,1
Chile,TV Show,2016,1
"Chile, Argentina",Movie,2018,1
"Chile, Argentina, France, Spain, United States",Movie,2016,1
"Chile, Brazil",Movie,2008,1
"Chile, France",Movie,2016,1
"Chile, Italy",TV Show,2020,1
"Chile, Peru",Movie,2017,1
"Chile, Spain, Argentina, Germany",Movie,2015,1
"Chile, United States, France",Movie,2016,1
China,Movie,2008,1
China,TV Show,2008,1
China,TV Show,2011,1
"China, Canada, United States",Movie,2018,1
"China, Germany, India, United States",Movie,2015,1
"China, Hong Kong",Movie,2005,1
"China, Hong Kong",Movie,2011,1
"China, Hong Kong",Movie,2014,1
"China, Hong Kong",Movie,2015,1
"China, Hong Kong",TV Show,2019,1
"China, Hong Kong, United States",Movie,2016,1
"China, India, Nepal",Movie,2017,1
"China, Japan",Movie,2018,1
"China, Morocco, Hong Kong",Movie,2018,1
"China, South Korea, United States",Movie,2015,1
"China, Spain, South Korea, United States",Movie,2020,1
"China, Taiwan",Movie,2019,1
"China, Taiwan",Movie,2021,1
"China, United Kingdom",Movie,2021,1
"China, United Kingdom",TV Show,2018,1
"China, United Kingdom",TV Show,2019,1
"China, United States",Movie,2016,1
"China, United States",Movie,2020,1
"China, United States, Australia",Movie,2018,1
"China, United States, Canada",Movie,2021,1
"China, United States, United Kingdom",Movie,2018,1
Colombia,Movie,2017,1
Colombia,TV Show,2007,1
Colombia,TV Show,2008,1
Colombia,TV Show,2010,1
Colombia,TV Show,2015,1
Colombia,TV Show,2017,1
Colombia,TV Show,2021,1
"Colombia, Mexico",Movie,2018,1
"Colombia, Mexico, United States",TV Show,2008,1
"Colombia, Mexico, United States",TV Show,2016,1
"Colombia, Peru, United Kingdom",Movie,2018,1
"Colombia, United States",TV Show,2003,1
Croatia,TV Show,2018,1
"Croatia, Slovenia, Serbia, Montenegro",Movie,2015,1
Cyprus,TV Show,2017,1
"Czech Republic, France",Movie,2016,1
"Czech Republic, Slovakia",Movie,2016,1
"Czech Republic, United Kingdom, France",Movie,2009,1
"Czech Republic, United Kingdom, United States",Movie,2017,1
"Czech Republic, United States",Movie,2017,1
"Czech Republic, United States",TV Show,2018,1
Denmark,Movie,2007,1
Denmark,Movie,2016,1
Denmark,Movie,2017,1
Denmark,TV Show,2012,1
Denmark,TV Show,2015,1
Denmark,TV Show,2020,1
"Denmark, Brazil, France, Portugal, Sweden",Movie,2014,1
"Denmark, China",Movie,2016,1
"Denmark, France, Belgium, Italy, Netherlands, United States, United Kingdom",Movie,2019,1
"Denmark, France, Poland",Movie,1989,1
"Denmark, France, United States, Sweden",Movie,2013,1
"Denmark, Germany, Belgium, United Kingdom, France",Movie,2013,1
"Denmark, Germany, Belgium, United Kingdom, France, Sweden",Movie,2013,1
"Denmark, Indonesia, Finland, Norway, United Kingdom, Israel, France, United States, Germany, Netherlands",Movie,2014,1
"Denmark, Singapore, Canada, United States",TV Show,2019,1
"Denmark, Spain",Movie,2016,1
"Denmark, Sweden, Israel, United States",Movie,2017,1
"Denmark, United Kingdom, South Africa, Sweden, Belgium",Movie,2014,1
"Denmark, United Kingdom, Sweden",Movie,2015,1
"Denmark, United States",Movie,2016,1
"Denmark, Zimbabwe",Movie,2014,1
Egypt,Movie,1954,1
Egypt,Movie,1956,1
Egypt,Movie,1958,1
Egypt,Movie,1963,1
Egypt,Movie,1970,1
Egypt,Movie,1973,1
Egypt,Movie,1979,1
Egypt,Movie,1981,1
Egypt,Movie,1982,1
Egypt,Movie,2005,1
Egypt,Movie,2020,1
Egypt,TV Show,2015,1
Egypt,TV Show,2016,1
Egypt,TV Show,2019,1
Egypt,TV Show,2021,1
"Egypt, Algeria",Movie,1979,1
"Egypt, Austria, United States",Movie,2018,1
"Egypt, Denmark, Germany",Movie,2021,1
"Egypt, France",Movie,1994,1
"Egypt, France",Movie,2016,1
"Egypt, Saudi Arabia",Movie,2019,1
Finland,TV Show,2018,1
"Finland, France",TV Show,2019,1
"Finland, Germany",TV Show,2020,1
"Finland, Germany, Belgium",Movie,2019,1
"Finland, Sweden, Norway, Latvia, Germany",Movie,2016,1
"Finland, United States",Movie,2019,1
France,Movie,1974,1
France,Movie,2008,1
France,Movie,2010,1
France,Movie,2011,1
France,Movie,2012,1
France,TV Show,2002,1
France,TV Show,2004,1
France,TV Show,2009,1
France,TV Show,2011,1
France,TV Show,2012,1
"France, Algeria",Movie,2020,1
"France, Australia, Germany",TV Show,2020,1
"France, Belgium",Movie,2011,1
"France, Belgium",Movie,2014,1
"France, Belgium",Movie,2020,1
"France, Belgium",TV Show,2007,1
"France, Belgium",TV Show,2017,1
"France, Belgium",TV Show,2019,1
"France, Belgium, China, United States",Movie,2017,1
"France, Belgium, Italy",Movie,1991,1
"France, Belgium, Luxembourg, Cambodia,",Movie,2018,1
"France, Belgium, Luxembourg, Romania, Canada, United States",Movie,2018,1
"France, Belgium, Spain",Movie,2013,1
"France, Belgium, United States",Movie,2011,1
"France, Brazil, Spain, Belgium",Movie,2020,1
"France, Canada",Movie,2016,1
"France, Canada",Movie,2017,1
"France, Canada",TV Show,2018,1
"France, Canada, Belgium",Movie,2015,1
"France, Canada, China, Cambodia",Movie,2016,1
"France, Canada, Italy, United States, China",Movie,2015,1
"France, Canada, United States",Movie,2016,1
"France, Canada, United States, Spain",Movie,2014,1
"France, China, Japan, United States",Movie,2018,1
"France, Egypt",Movie,1989,1
"France, Egypt",Movie,1997,1
"France, Egypt",Movie,1999,1
"France, Germany",TV Show,2015,1
"France, Germany, Czech Republic, Belgium",Movie,2016,1
"France, Germany, Switzerland",Movie,2014,1
"France, Iran, United States",Movie,2018,1
"France, Israel, Germany, United States, United Kingdom",Movie,2019,1
"France, Japan",Movie,2017,1
"France, Japan, United States",Movie,2005,1
"France, Japan, United States",TV Show,2000,1
"France, Lebanon",Movie,1982,1
"France, Lebanon, United Kingdom",Movie,2007,1
"France, Luxembourg, Canada",Movie,2019,1
"France, Luxembourg, United States",Movie,2018,1
"France, Malta, United States",Movie,2015,1
"France, Morocco",Movie,2015,1
"France, Netherlands, Singapore",Movie,2019,1
"France, Netherlands, South Africa, Finland",Movie,2017,1
"France, New Zealand",Movie,2019,1
"France, Norway, Lebanon, Belgium",Movie,1999,1
"France, Qatar",Movie,2016,1
"France, Senegal, Belgium",Movie,2019,1
"France, South Korea, Japan",Movie,2016,1
"France, South Korea, Japan, United States",TV Show,2019,1
"France, Switzerland, Spain, United States, United Arab Emirates",Movie,2009,1
"France, United Kingdom",TV Show,2019,1
"France, United Kingdom, India",Movie,1993,1
"France, United Kingdom, United States",Movie,2010,1
"France, United Kingdom, United States",TV Show,2016,1
"France, United States",Movie,1992,1
"France, United States",Movie,2002,1
"France, United States",Movie,2010,1
"France, United States",Movie,2012,1
"France, United States",Movie,2019,1
"France, United States",Movie,2021,1
"France, United States, Canada",TV Show,2015,1
"France, United States, Mexico",Movie,2006,1
"France, United States, United Kingdom, Canada",Movie,2016,1
Georgia,Movie,2018,1
"Georgia, Germany, France",Movie,2017,1
Germany,Movie,2006,1
Germany,Movie,2007,1
Germany,Movie,2008,1
Germany,Movie,2021,1
Germany,TV Show,2016,1
Germany,TV Show,2017,1
"Germany, Australia",Movie,2017,1
"Germany, Australia, France, China",TV Show,2015,1
"Germany, Belgium",Movie,2017,1
"Germany, Canada, United States",Movie,2001,1
"Germany, China, United Kingdom",Movie,2020,1
"Germany, Czech Republic",Movie,2021,1
"Germany, Czech Republic",TV Show,2020,1
"Germany, France",Movie,2020,1
"Germany, France, Luxembourg, United Kingdom, United States",Movie,2015,1
"Germany, France, Russia",TV Show,2017,1
"Germany, France, United States, Canada, United Kingdom",Movie,2010,1
"Germany, Italy",Movie,2017,1
"Germany, Jordan, Netherlands",Movie,2016,1
"Germany, Sri Lanka",Movie,2010,1
"Germany, United Kingdom",Movie,2014,1
"Germany, United Kingdom",Movie,2017,1
"Germany, United Kingdom, United States",Movie,2008,1
"Germany, United States",Movie,2000,1
"Germany, United States",Movie,2005,1
"Germany, United States",Movie,2007,1
"Germany, United States",Movie,2021,1
"Germany, United States",TV Show,2020,1
"Germany, United States, Canada",Movie,2005,1
"Germany, United States, France",Movie,2009,1
"Germany, United States, Hong Kong, Singapore",Movie,2012,1
"Germany, United States, Italy",TV Show,2014,1
"Germany, United States, Sweden",Movie,2018,1
"Germany, United States, United Kingdom, Canada",Movie,2000,1
Ghana,Movie,2017,1
Ghana,Movie,2018,1
Ghana,Movie,2019,1
"Ghana, United States",Movie,2018,1
"Greece, United States",Movie,2017,1
Guatemala,Movie,2017,1
Hong Kong,Movie,1973,1
Hong Kong,Movie,1975,1
Hong Kong,Movie,1981,1
Hong Kong,Movie,1988,1
Hong Kong,Movie,1989,1
Hong Kong,Movie,1990,1
Hong Kong,Movie,1994,1
Hong Kong,Movie,1997,1
Hong Kong,Movie,2001,1
Hong Kong,Movie,2002,1
Hong Kong,Movie,2008,1
Hong Kong,Movie,2011,1
Hong Kong,Movie,2015,1
Hong Kong,TV Show,2017,1
Hong Kong,TV Show,2018,1
Hong Kong,TV Show,2019,1
"Hong Kong, Canada, United States",Movie,2016,1
"Hong Kong, China",Movie,1986,1
"Hong Kong, China",Movie,1997,1
"Hong Kong, China",Movie,2004,1
"Hong Kong, China",Movie,2006,1
"Hong Kong, China",Movie,2007,1
"Hong Kong, China",Movie,2008,1
"Hong Kong, China",Movie,2010,1
"Hong Kong, China",Movie,2011,1
"Hong Kong, China",Movie,2014,1
"Hong Kong, China",Movie,2017,1
"Hong Kong, China",Movie,2018,1
"Hong Kong, China",Movie,2019,1
"Hong Kong, China, Singapore",Movie,2010,1
"Hong Kong, China, United States",Movie,2004,1
"Hong Kong, China, United States",Movie,2015,1
"Hong Kong, Iceland, United States",Movie,2018,1
"Hong Kong, Taiwan",Movie,2007,1
"Hong Kong, United States",Movie,1973,1
"Hong Kong, United States",Movie,2007,1
"Hong Kong, United States",Movie,2014,1
"Hong Kong, United States",Movie,2018,1
Hungary,Movie,2016,1
Hungary,Movie,2017,1
Hungary,Movie,2018,1
Hungary,Movie,2019,1
"Hungary, United States",Movie,2021,1
Iceland,Movie,2017,1
Iceland,Movie,2020,1
Iceland,TV Show,2015,1
Iceland,TV Show,2020,1
Iceland,TV Show,2021,1
"Iceland, Sweden, Belgium",Movie,2018,1
India,Movie,1959,1
India,Movie,1962,1
India,Movie,1964,1
India,Movie,1966,1
India,Movie,1969,1
India,Movie,1978,1
India,Movie,1981,1
India,Movie,1984,1
India,Movie,1987,1
India,Movie,1992,1
India,TV Show,2009,1
India,TV Show,2011,1
India,TV Show,2016,1
"India, Australia",Movie,2010,1
"India, Canada",Movie,2014,1
"India, France",Movie,2003,1
"India, France",Movie,2014,1
"India, France",Movie,2015,1
"India, France",Movie,2017,1
"India, France",Movie,2018,1
"India, Germany",Movie,2011,1
"India, Germany",Movie,2015,1
"India, Germany, Austria",Movie,2018,1
"India, Germany, France",TV Show,2010,1
"India, Iran",Movie,2018,1
"India, Japan",Movie,2010,1
"India, Malaysia",Movie,1960,1
"India, Mexico",Movie,2017,1
"India, Nepal",Movie,2018,1
"India, Pakistan",Movie,2010,1
"India, Soviet Union",Movie,1984,1
"India, Soviet Union",Movie,1991,1
"India, Switzerland",Movie,2013,1
"India, Turkey",Movie,2019,1
"India, United Kingdom",Movie,2001,1
"India, United Kingdom",Movie,2016,1
"India, United Kingdom, Canada, United States",Movie,2019,1
"India, United Kingdom, China, Canada, Japan, South Korea, United States",Movie,2019,1
"India, United Kingdom, France, Qatar",Movie,2021,1
"India, United States",Movie,2008,1
"India, United States",Movie,2010,1
"India, United States",Movie,2016,1
"India, United States",Movie,2017,1
"India, United States",Movie,2018,1
"India, United States",Movie,2019,1
"India, United States",Movie,2021,1
"India, United States",TV Show,2019,1
Indonesia,Movie,2002,1
Indonesia,Movie,2003,1
Indonesia,Movie,2005,1
Indonesia,Movie,2012,1
Indonesia,Movie,2014,1
Indonesia,TV Show,2015,1
Indonesia,TV Show,2020,1
"Indonesia, Netherlands",Movie,2017,1
"Indonesia, Singapore",Movie,2012,1
"Indonesia, Singapore",Movie,2018,1
"Indonesia, South Korea, Singapore",Movie,2018,1
"Indonesia, United Kingdom",Movie,2020,1
"Indonesia, United States",Movie,2018,1
"Iran, France",Movie,2011,1
Ireland,Movie,2015,1
Ireland,TV Show,2016,1
"Ireland, Canada",Movie,2018,1
"Ireland, Canada, Luxembourg, United States, United Kingdom, Philippines, India",Movie,2017,1
"Ireland, Canada, United Kingdom, United States",Movie,2015,1
"Ireland, Canada, United States, United Kingdom",TV Show,2010,1
"Ireland, France, Iceland, United States, Mexico, Belgium, United Kingdom, Hong Kong",Movie,2019,1
"Ireland, Luxembourg, Belgium",Movie,2018,1
"Ireland, South Africa",Movie,2016,1
"Ireland, Switzerland, United Kingdom, France, United States",Movie,2018,1
"Ireland, United Kingdom",Movie,2016,1
"Ireland, United Kingdom",Movie,2017,1
"Ireland, United Kingdom, France, Germany",Movie,1998,1
"Ireland, United Kingdom, Greece, France, Netherlands",Movie,2015,1
"Ireland, United Kingdom, Italy, United States",Movie,2016,1
"Ireland, United Kingdom, United States",Movie,1989,1
"Ireland, United Kingdom, United States",TV Show,2016,1
"Ireland, United States",Movie,2011,1
"Ireland, United States, France",Movie,2018,1
"Ireland, United States, United Kingdom",TV Show,2016,1
Israel,Movie,2012,1
Israel,Movie,2014,1
Israel,Movie,2016,1
Israel,TV Show,2015,1
Israel,TV Show,2016,1
Israel,TV Show,2018,1
Israel,TV Show,2020,1
"Israel, Germany",Movie,2017,1
"Israel, Germany, France",Movie,2016,1
"Israel, Germany, Poland, Luxembourg, Belgium, France, United States",Movie,2013,1
"Israel, Sweden, Germany, Netherlands",Movie,2015,1
"Israel, United States",Movie,2015,1
"Israel, United States",Movie,2018,1
"Israel, United States",Movie,2019,1
"Israel, United States",TV Show,2020,1
"Israel, United States",TV Show,2021,1
Italy,Movie,1955,1
Italy,Movie,2013,1
Italy,TV Show,2015,1
Italy,TV Show,2017,1
Italy,TV Show,2019,1
"Italy, Belgium",Movie,2019,1
"Italy, Brazil, Greece",Movie,2021,1
"Italy, Canada, France",TV Show,2011,1
"Italy, France",Movie,1955,1
"Italy, France",Movie,2013,1
"Italy, France",Movie,2015,1
"Italy, France",Movie,2016,1
"Italy, France",Movie,2019,1
"Italy, France, Switzerland",Movie,2017,1
"Italy, Germany",TV Show,2016,1
"Italy, India",Movie,2016,1
"Italy, South Africa, West Germany, Australia, United States",TV Show,1986,1
"Italy, Switzerland, Albania, Poland",Movie,2018,1
"Italy, Switzerland, France, Germany",Movie,2018,1
"Italy, Turkey",Movie,2017,1
"Italy, United Kingdom",TV Show,2021,1
"Italy, United Kingdom, France",TV Show,2019,1
"Italy, United States",Movie,1968,1
"Italy, United States",Movie,1984,1
"Italy, United States",Movie,2017,1
"Italy, United States",TV Show,2017,1
"Italy, United States, Argentina",Movie,2017,1
"Jamaica, United States",Movie,2018,1
Japan,Movie,1979,1
Japan,Movie,1997,1
Japan,Movie,1998,1
Japan,Movie,2001,1
Japan,Movie,2005,1
Japan,Movie,2006,1
Japan,Movie,2007,1
Japan,Movie,2009,1
Japan,TV Show,1981,1
Japan,TV Show,1986,1
Japan,TV Show,1995,1
Japan,TV Show,1998,1
Japan,TV Show,1999,1
Japan,TV Show,2000,1
Japan,TV Show,2001,1
Japan,TV Show,2002,1
Japan,TV Show,2005,1
Japan,TV Show,2007,1
"Japan, Canada",TV Show,2015,1
"Japan, Canada, United States",TV Show,2018,1
"Japan, United States",Movie,2010,1
"Japan, United States",Movie,2015,1
"Japan, United States",Movie,2017,1
"Japan, United States",Movie,2018,1
"Japan, United States",Movie,2019,1
"Japan, United States",Movie,2020,1
"Japan, United States",TV Show,2015,1
"Japan, United States",TV Show,2019,1
"Japan, United States",TV Show,2020,1
Jordan,TV Show,2019,1
Jordan,TV Show,2021,1
Kenya,Movie,2018,1
Kenya,Movie,2019,1
Kenya,Movie,2020,1
"Kenya, United States",Movie,2014,1
Kuwait,Movie,1981,1
Kuwait,Movie,2018,1
"Kuwait, United States",Movie,2017,1
Lebanon,Movie,1975,1
Lebanon,Movie,2005,1
Lebanon,Movie,2013,1
Lebanon,Movie,2018,1
Lebanon,TV Show,2017,1
Lebanon,TV Show,2020,1
"Lebanon, Canada, France",Movie,1979,1
"Lebanon, Canada, France",Movie,1980,1
"Lebanon, France",Movie,2003,1
"Lebanon, Palestine, Denmark, Qatar",Movie,2019,1
"Lebanon, Qatar",Movie,2015,1
"Lebanon, Syria",Movie,2019,1
"Lebanon, United Arab Emirates",Movie,2012,1
"Lebanon, United Arab Emirates, France, Switzerland, Germany",Movie,2014,1
"Lebanon, United States, United Arab Emirates",Movie,2012,1
Luxembourg,TV Show,2019,1
Malaysia,Movie,2004,1
Malaysia,Movie,2006,1
Malaysia,Movie,2009,1
Malaysia,Movie,2013,1
Malaysia,Movie,2014,1
Malaysia,Movie,2016,1
Malaysia,Movie,2019,1
Malaysia,Movie,2020,1
Malaysia,TV Show,2003,1
Malaysia,TV Show,2011,1
Malaysia,TV Show,2015,1
"Malaysia, Singapore, Hong Kong",TV Show,2015,1
Mauritius,Movie,2021,1
"Mauritius, South Africa",TV Show,2019,1
Mexico,Movie,1991,1
Mexico,Movie,1992,1
Mexico,Movie,1999,1
Mexico,Movie,2001,1
Mexico,Movie,2007,1
Mexico,Movie,2013,1
Mexico,TV Show,1979,1
Mexico,TV Show,2013,1
Mexico,TV Show,2015,1
"Mexico, Argentina",Movie,2018,1
"Mexico, Brazil",Movie,2021,1
"Mexico, Finland",Movie,2019,1
"Mexico, France",Movie,2015,1
"Mexico, France, Colombia",Movie,2021,1
"Mexico, Netherlands",Movie,2018,1
"Mexico, Spain",Movie,2006,1
"Mexico, Spain",Movie,2016,1
"Mexico, Spain",Movie,2020,1
"Mexico, Spain",TV Show,2020,1
"Mexico, United States",Movie,2010,1
"Mexico, United States",Movie,2016,1
"Mexico, United States",Movie,2018,1
"Mexico, United States",TV Show,2014,1
"Mexico, United States",TV Show,2021,1
"Mexico, United States, Spain, Colombia",TV Show,2019,1
Mozambique,Movie,2019,1
Namibia,Movie,2019,1
Netherlands,Movie,2006,1
Netherlands,Movie,2016,1
Netherlands,Movie,2017,1
Netherlands,Movie,2019,1
Netherlands,TV Show,2017,1
Netherlands,TV Show,2019,1
"Netherlands, Belgium",Movie,2016,1
"Netherlands, Belgium",Movie,2018,1
"Netherlands, Belgium, Germany, Jordan",Movie,2016,1
"Netherlands, Belgium, United Kingdom, United States",Movie,2015,1
"Netherlands, Denmark, France, Germany",Movie,2016,1
"Netherlands, Denmark, South Africa",Movie,2015,1
"Netherlands, Germany, Denmark, United Kingdom",Movie,2017,1
"Netherlands, Germany, Italy, Canada",TV Show,2017,1
"Netherlands, United States",Movie,2017,1
New Zealand,Movie,2021,1
New Zealand,TV Show,2018,1
New Zealand,TV Show,2019,1
"New Zealand, Australia, France, United States",Movie,1993,1
"New Zealand, United Kingdom",Movie,2017,1
"New Zealand, United Kingdom, Australia",Movie,2007,1
"New Zealand, United States",Movie,2002,1
"New Zealand, United States",Movie,2003,1
Nigeria,Movie,2003,1
Nigeria,Movie,2009,1
Nigeria,Movie,2010,1
Nigeria,Movie,2012,1
Nigeria,TV Show,2013,1
Nigeria,TV Show,2015,1
Nigeria,TV Show,2016,1
"Nigeria, United Kingdom",Movie,2012,1
Norway,Movie,2013,1
Norway,Movie,2018,1
Norway,TV Show,2007,1
Norway,TV Show,2016,1
"Norway, Denmark",TV Show,2021,1
"Norway, Denmark, Netherlands, Sweden",Movie,2018,1
"Norway, Denmark, Sweden",Movie,2014,1
"Norway, Germany",Movie,2016,1
"Norway, Germany, Sweden",TV Show,2017,1
"Norway, Sweden",TV Show,2019,1
"Norway, United Kingdom, France, Ireland",Movie,2014,1
"Norway, United States",TV Show,2014,1
Pakistan,Movie,2013,1
Pakistan,TV Show,2011,1
Pakistan,TV Show,2012,1
Pakistan,TV Show,2014,1
Pakistan,TV Show,2017,1
"Pakistan, Norway, United States",Movie,2014,1
"Pakistan, United Arab Emirates",Movie,2018,1
"Pakistan, United States",Movie,2015,1
"Pakistan, United States",Movie,2020,1
"Paraguay, Argentina",Movie,2018,1
Peru,Movie,2015,1
Peru,Movie,2018,1
"Peru, Germany, Norway",Movie,2017,1
"Peru, United States, United Kingdom",Movie,2016,1
Philippines,Movie,2006,1
Philippines,Movie,2007,1
Philippines,Movie,2009,1
Philippines,Movie,2010,1
Philippines,Movie,2011,1
Philippines,TV Show,2017,1
Philippines,TV Show,2020,1
"Philippines, Canada, United Kingdom, United States",Movie,2012,1
"Philippines, Qatar",Movie,2016,1
"Philippines, Singapore",Movie,2019,1
"Philippines, Singapore, Indonesia",TV Show,2021,1
"Philippines, United States",Movie,2019,1
Poland,Movie,1967,1
Poland,Movie,1970,1
Poland,Movie,1973,1
Poland,Movie,1978,1
Poland,Movie,1982,1
Poland,Movie,1983,1
Poland,Movie,1990,1
Poland,Movie,2018,1
Poland,Movie,2019,1
Poland,TV Show,2014,1
Poland,TV Show,2015,1
Poland,TV Show,2019,1
Poland,TV Show,2020,1
"Poland,",Movie,1975,1
"Poland, United States",Movie,2018,1
"Poland, United States",Movie,2019,1
"Poland, United States",TV Show,2018,1
"Poland, United States",TV Show,2020,1
"Poland, West Germany",Movie,1985,1
"Portugal, France, Poland, United States",Movie,2016,1
"Portugal, Spain",Movie,2016,1
"Portugal, Spain",Movie,2020,1
"Portugal, United States",Movie,2020,1
"Puerto Rico, United States, Colombia",TV Show,2018,1
Romania,Movie,2005,1
Romania,Movie,2014,1
Romania,Movie,2015,1
Romania,Movie,2016,1
"Romania, Bulgaria, Hungary",Movie,2015,1
"Romania, France, Switzerland, Germany",Movie,2010,1
"Romania, United Kingdom",Movie,2018,1
"Romania, United States",Movie,2019,1
Russia,Movie,2013,1
Russia,TV Show,2014,1
Russia,TV Show,2016,1
Russia,TV Show,2020,1
"Russia, Poland, Serbia",Movie,2018,1
"Russia, Spain",Movie,2015,1
"Russia, United States",Movie,2021,1
"Russia, United States, China",Movie,2015,1
Saudi Arabia,Movie,2008,1
Saudi Arabia,Movie,2016,1
Saudi Arabia,Movie,2021,1
Saudi Arabia,TV Show,2013,1
Saudi Arabia,TV Show,2014,1
Saudi Arabia,TV Show,2020,1
"Saudi Arabia, Netherlands, Germany, Jordan, United Arab Emirates, United States",Movie,2012,1
"Saudi Arabia, Syria, Egypt, Lebanon, Kuwait",TV Show,2017,1
"Saudi Arabia, United Arab Emirates",Movie,2006,1
Senegal,TV Show,2019,1
"Serbia, South Korea, Slovenia",Movie,2016,1
"Serbia, United States",Movie,2017,1
"Serbia, United States",Movie,2019,1
Singapore,Movie,2011,1
Singapore,Movie,2012,1
Singapore,Movie,2014,1
Singapore,Movie,2015,1
Singapore,Movie,2018,1
Singapore,Movie,2020,1
Singapore,TV Show,2013,1
Singapore,TV Show,2015,1
"Singapore, France",Movie,2016,1
"Singapore, Japan, France",Movie,2018,1
"Singapore, Malaysia",Movie,2019,1
"Singapore, United States",Movie,2017,1
"Singapore, United States",TV Show,2019,1
"Slovenia, Croatia, Germany, Czech Republic, Qatar",Movie,2016,1
"Somalia, Kenya, Sudan, South Africa, United States",Movie,2017,1
South Africa,Movie,2010,1
South Africa,TV Show,2017,1
South Africa,TV Show,2019,1
South Africa,TV Show,2021,1
"South Africa, Angola",Movie,2020,1
"South Africa, China, United States",Movie,2017,1
"South Africa, Germany, Netherlands, France",Movie,2017,1
"South Africa, Nigeria",Movie,2017,1
"South Africa, United States",Movie,2002,1
"South Africa, United States",Movie,2018,1
"South Africa, United States, Germany",Movie,2016,1
"South Africa, United States, Japan",Movie,2012,1
"South Africa, United States, New Zealand, Canada",Movie,2009,1
South Korea,Movie,2004,1
South Korea,Movie,2012,1
South Korea,Movie,2015,1
South Korea,TV Show,2011,1
"South Korea, Canada, United States, China",TV Show,2016,1
"South Korea, China",TV Show,2016,1
"South Korea, China, United States",Movie,2015,1
"South Korea, Czech Republic",Movie,2013,1
"South Korea, France",TV Show,2016,1
"South Korea, Japan",Movie,2018,1
"South Korea, United States",Movie,2009,1
"South Korea, United States",Movie,2017,1
"South Korea, United States",Movie,2019,1
"South Korea, United States",TV Show,2020,1
"Soviet Union, India",Movie,1980,1
Spain,Movie,2008,1
Spain,Movie,2014,1
Spain,TV Show,2015,1
"Spain, Argentina",Movie,2016,1
"Spain, Argentina",Movie,2017,1
"Spain, Argentina",Movie,2021,1
"Spain, Belgium",Movie,2018,1
"Spain, Belgium, United States",Movie,2020,1
"Spain, Canada, United States",Movie,2017,1
"Spain, Colombia",Movie,2017,1
"Spain, Cuba",TV Show,2016,1
"Spain, France",Movie,2019,1
"Spain, France, Canada",Movie,2019,1
"Spain, France, Canada, United States",Movie,2019,1
"Spain, France, Italy",Movie,2019,1
"Spain, France, United Kingdom, United States",Movie,2004,1
"Spain, France, United States",Movie,2019,1
"Spain, France, Uruguay",Movie,2015,1
"Spain, Germany",Movie,2017,1
"Spain, Germany",Movie,2019,1
"Spain, Germany",Movie,2020,1
"Spain, Germany, Denmark, United States",TV Show,2020,1
"Spain, Italy",Movie,2019,1
"Spain, Italy",TV Show,2018,1
"Spain, Italy, Argentina",Movie,2016,1
"Spain, Mexico",Movie,2016,1
"Spain, Mexico",Movie,2017,1
"Spain, Mexico, France",Movie,2010,1
"Spain, Portugal",Movie,2018,1
"Spain, Switzerland",Movie,2016,1
"Spain, Thailand, United States",Movie,2012,1
"Spain, United Kingdom",Movie,2019,1
"Spain, United Kingdom",TV Show,2017,1
"Spain, United Kingdom, United States",Movie,2009,1
"Spain, United States",Movie,2019,1
Sweden,Movie,2020,1
Sweden,TV Show,2016,1
Sweden,TV Show,2021,1
"Sweden, Czech Republic, United Kingdom, Denmark, Netherlands",Movie,2005,1
"Sweden, Netherlands",Movie,2017,1
"Sweden, United Kingdom, Finland",Movie,2012,1
"Sweden, United States",Movie,2019,1
Switzerland,Movie,2018,1
Switzerland,TV Show,2015,1
"Switzerland, France",Movie,2016,1
"Switzerland, France, Belgium, United States",Movie,2017,1
"Switzerland, United Kingdom, Australia",Movie,2013,1
"Switzerland, United Kingdom, United States",Movie,2013,1
"Switzerland, United States",Movie,2017,1
"Switzerland, Vatican City, Italy, Germany, France",Movie,2018,1
"Syria, France, Lebanon, Qatar",Movie,2018,1
Taiwan,TV Show,2003,1
Taiwan,TV Show,2008,1
Taiwan,TV Show,2010,1
"Taiwan, China",TV Show,2020,1
"Taiwan, China, France, United States",Movie,2018,1
"Taiwan, Hong Kong, United States, China",Movie,2000,1
"Taiwan, Malaysia",TV Show,2020,1
Thailand,Movie,1999,1
Thailand,Movie,2002,1
Thailand,Movie,2004,1
Thailand,Movie,2005,1
Thailand,Movie,2008,1
Thailand,Movie,2013,1
Thailand,Movie,2014,1
Thailand,Movie,2016,1
Thailand,Movie,2020,1
Thailand,TV Show,2014,1
"Thailand, Canada, United States",Movie,2014,1
"Thailand, China, United States",Movie,2019,1
"Thailand, United States",Movie,2017,1
"Thailand, United States",Movie,2020,1
Turkey,Movie,1999,1
Turkey,Movie,2001,1
Turkey,Movie,2009,1
Turkey,TV Show,2005,1
Turkey,TV Show,2009,1
Turkey,TV Show,2010,1
Turkey,TV Show,2017,1
Turkey,TV Show,2019,1
"Turkey, Azerbaijan",TV Show,2013,1
"Turkey, France, Germany, Poland",Movie,2016,1
"Turkey, India",Movie,2016,1
"Turkey, South Korea",Movie,2018,1
"Turkey, United States",Movie,2010,1
"Turkey, United States",Movie,2017,1
Ukraine,TV Show,2015,1
Ukraine,TV Show,2017,1
United Arab Emirates,Movie,2014,1
United Arab Emirates,Movie,2015,1
United Arab Emirates,Movie,2021,1
United Arab Emirates,TV Show,2021,1
"United Arab Emirates, Jordan",Movie,2015,1
"United Arab Emirates, Jordan, Lebanon, Saudi Arabia",Movie,2014,1
"United Arab Emirates, Romania",Movie,2016,1
"United Arab Emirates, United Kingdom, India",Movie,2018,1
"United Arab Emirates, United States",Movie,2014,1
"United Arab Emirates, United States",Movie,2018,1
"United Arab Emirates, United States, United Kingdom",Movie,2017,1
United Kingdom,Movie,1975,1
United Kingdom,Movie,1979,1
United Kingdom,Movie,1982,1
United Kingdom,Movie,1989,1
United Kingdom,Movie,1991,1
United Kingdom,Movie,1992,1
United Kingdom,Movie,1993,1
United Kingdom,Movie,1996,1
United Kingdom,Movie,1999,1
United Kingdom,Movie,2000,1
United Kingdom,Movie,2001,1
United Kingdom,Movie,2002,1
United Kingdom,Movie,2004,1
United Kingdom,TV Show,1974,1
United Kingdom,TV Show,1977,1
United Kingdom,TV Show,1992,1
United Kingdom,TV Show,1999,1
United Kingdom,TV Show,2001,1
United Kingdom,TV Show,2004,1
United Kingdom,TV Show,2005,1
"United Kingdom,",Movie,2014,1
"United Kingdom,",Movie,2020,1
"United Kingdom, Australia",TV Show,2020,1
"United Kingdom, Australia, Canada, United States",Movie,2010,1
"United Kingdom, Australia, France",Movie,2009,1
"United Kingdom, Australia, France, United States",Movie,2003,1
"United Kingdom, Australia, United States",Movie,2019,1
"United Kingdom, Belgium",Movie,2018,1
"United Kingdom, Belgium",Movie,2019,1
"United Kingdom, Belgium, Sweden",Movie,2019,1
"United Kingdom, Brazil, Germany",Movie,2014,1
"United Kingdom, Canada",Movie,2009,1
"United Kingdom, Canada",Movie,2018,1
"United Kingdom, Canada, France, United States",Movie,2009,1
"United Kingdom, Canada, Italy",Movie,2016,1
"United Kingdom, Canada, Japan",Movie,2017,1
"United Kingdom, Canada, United States",Movie,2015,1
"United Kingdom, Canada, United States",Movie,2016,1
"United Kingdom, Canada, United States",Movie,2018,1
"United Kingdom, Canada, United States",Movie,2019,1
"United Kingdom, Canada, United States",TV Show,2019,1
"United Kingdom, Canada, United States",TV Show,2021,1
"United Kingdom, Canada, United States, Cayman Islands",Movie,2018,1
"United Kingdom, Canada, United States, Germany",Movie,2018,1
"United Kingdom, China",TV Show,2020,1
"United Kingdom, China, United States",Movie,2014,1
"United Kingdom, China, United States, India",Movie,2017,1
"United Kingdom, Czech Republic, Germany, United States",Movie,2005,1
"United Kingdom, Czech Republic, United States, Germany, Bahamas",Movie,2006,1
"United Kingdom, Denmark, Canada, Croatia",Movie,2012,1
"United Kingdom, Egypt, United States",Movie,2013,1
"United Kingdom, Finland, Germany, United States, Australia, Japan, France, Ireland",TV Show,2016,1
"United Kingdom, France",Movie,2000,1
"United Kingdom, France",Movie,2011,1
"United Kingdom, France",Movie,2016,1
"United Kingdom, France",TV Show,2015,1
"United Kingdom, France, Belgium",Movie,2016,1
"United Kingdom, France, Belgium, Canada, United States",Movie,2017,1
"United Kingdom, France, Belgium, Ireland, United States",Movie,2019,1
"United Kingdom, France, Belgium, United States",Movie,2017,1
"United Kingdom, France, Canada, Belgium, United States",Movie,2014,1
"United Kingdom, France, Germany",Movie,2016,1
"United Kingdom, France, Germany, Spain",TV Show,2020,1
"United Kingdom, France, Germany, United States",Movie,2005,1
"United Kingdom, France, Germany, United States",Movie,2016,1
"United Kingdom, France, Poland, Germany, United States",Movie,2002,1
"United Kingdom, France, Spain, United States",Movie,2010,1
"United Kingdom, France, United States",Movie,2010,1
"United Kingdom, France, United States",Movie,2018,1
"United Kingdom, France, United States, Belgium",Movie,2017,1
"United Kingdom, France, United States, Belgium, Luxembourg, China, Germany",Movie,2016,1
"United Kingdom, Germany",Movie,2018,1
"United Kingdom, Germany",TV Show,2020,1
"United Kingdom, Germany, Canada",Movie,2016,1
"United Kingdom, Germany, Canada, United States",Movie,2002,1
"United Kingdom, Germany, France, United States",Movie,2011,1
"United Kingdom, Germany, Spain, United States",Movie,2003,1
"United Kingdom, Germany, United Arab Emirates, New Zealand",Movie,2016,1
"United Kingdom, Germany, United States",Movie,2008,1
"United Kingdom, Germany, United States",Movie,2013,1
"United Kingdom, Germany, United States, France",TV Show,2020,1
"United Kingdom, Hong Kong",Movie,2016,1
"United Kingdom, Hungary, Australia",Movie,2019,1
"United Kingdom, India",Movie,2007,1
"United Kingdom, India",Movie,2012,1
"United Kingdom, India, Sweden",Movie,2017,1
"United Kingdom, India, United States",Movie,2013,1
"United Kingdom, India, United States",Movie,2017,1
"United Kingdom, Ireland",Movie,2007,1
"United Kingdom, Ireland",Movie,2020,1
"United Kingdom, Ireland",TV Show,2017,1
"United Kingdom, Ireland, United States",TV Show,2018,1
"United Kingdom, Israel, Russia",Movie,2016,1
"United Kingdom, Italy",Movie,2019,1
"United Kingdom, Italy",Movie,2020,1
"United Kingdom, Italy, Israel, Peru, United States",Movie,2016,1
"United Kingdom, Japan",Movie,2014,1
"United Kingdom, Japan, United States",Movie,2019,1
"United Kingdom, Jordan, Qatar, Iran",Movie,2016,1
"United Kingdom, Kenya",Movie,2018,1
"United Kingdom, Lithuania",Movie,2015,1
"United Kingdom, Malawi",Movie,2019,1
"United Kingdom, Namibia, South Africa, Zimbabwe, United States",Movie,2017,1
"United Kingdom, New Zealand",Movie,2015,1
"United Kingdom, Nigeria",Movie,2011,1
"United Kingdom, Nigeria",Movie,2017,1
"United Kingdom, Norway, Denmark, Germany, Sweden",Movie,2012,1
"United Kingdom, Pakistan",Movie,2018,1
"United Kingdom, Poland",Movie,2018,1
"United Kingdom, Poland, United States",Movie,2016,1
"United Kingdom, Russia",Movie,2016,1
"United Kingdom, Russia, United States",Movie,2015,1
"United Kingdom, Singapore",TV Show,2017,1
"United Kingdom, South Africa",Movie,2016,1
"United Kingdom, South Africa, Australia, United States",TV Show,2018,1
"United Kingdom, South Africa, France",Movie,2013,1
"United Kingdom, South Korea",Movie,2015,1
"United Kingdom, Spain",TV Show,2020,1
"United Kingdom, Spain, Belgium",Movie,2016,1
"United Kingdom, Spain, United States",Movie,2016,1
"United Kingdom, Spain, United States, Germany",Movie,2018,1
"United Kingdom, Thailand",Movie,2006,1
"United Kingdom, Ukraine, United States",Movie,2015,1
"United Kingdom, United States",Movie,1961,1
"United Kingdom, United States",Movie,1962,1
"United Kingdom, United States",Movie,1968,1
"United Kingdom, United States",Movie,1971,1
"United Kingdom, United States",Movie,1986,1
"United Kingdom, United States",Movie,1991,1
"United Kingdom, United States",Movie,1995,1
"United Kingdom, United States",Movie,1999,1
"United Kingdom, United States",Movie,2002,1
"United Kingdom, United States",Movie,2004,1
"United Kingdom, United States",Movie,2005,1
"United Kingdom, United States",Movie,2006,1
"United Kingdom, United States",Movie,2007,1
"United Kingdom, United States",TV Show,1993,1
"United Kingdom, United States",TV Show,2006,1
"United Kingdom, United States",TV Show,2015,1
"United Kingdom, United States, Australia",Movie,2008,1
"United Kingdom, United States, Australia",Movie,2010,1
"United Kingdom, United States, Australia",Movie,2015,1
"United Kingdom, United States, Canada",Movie,2017,1
"United Kingdom, United States, Czech Republic",TV Show,2018,1
"United Kingdom, United States, Dominican Republic",Movie,2017,1
"United Kingdom, United States, France",Movie,2011,1
"United Kingdom, United States, France",Movie,2013,1
"United Kingdom, United States, France, Germany",Movie,2002,1
"United Kingdom, United States, France, Italy",Movie,2006,1
"United Kingdom, United States, Germany, Denmark, Belgium, Japan",Movie,2015,1
"United Kingdom, United States, Ireland",TV Show,2020,1
"United Kingdom, United States, Japan",Movie,2005,1
"United Kingdom, United States, Morocco",Movie,2014,1
"United Kingdom, United States, Spain, Germany, Greece, Canada",TV Show,2011,1
"United Kingdom, United States, Spain, Germany, Greece, Canada",TV Show,2012,1
"United Kingdom, West Germany",TV Show,1972,1
United States,Movie,1946,1
United States,Movie,1947,1
United States,Movie,1954,1
United States,Movie,1955,1
United States,Movie,1956,1
United States,Movie,1962,1
United States,Movie,1964,1
United States,Movie,1965,1
United States,Movie,1968,1
United States,Movie,1969,1
United States,Movie,1971,1
United States,Movie,1975,1
United States,Movie,1985,1
United States,TV Show,1945,1
United States,TV Show,1946,1
United States,TV Show,1963,1
United States,TV Show,1967,1
United States,TV Show,1994,1
United States,TV Show,1995,1
United States,TV Show,1996,1
United States,TV Show,1998,1
United States,TV Show,2002,1
"United States,",Movie,2018,1
"United States, Argentina",Movie,2015,1
"United States, Argentina",Movie,2020,1
"United States, Australia",Movie,2005,1
"United States, Australia",Movie,2007,1
"United States, Australia",Movie,2008,1
"United States, Australia",Movie,2018,1
"United States, Australia",TV Show,2021,1
"United States, Australia, China",Movie,2017,1
"United States, Australia, Mexico",Movie,2010,1
"United States, Australia, Samoa, United Kingdom",Movie,2017,1
"United States, Australia, South Africa, United Kingdom",Movie,2017,1
"United States, Belgium, Canada, France",Movie,2011,1
"United States, Bermuda, Ecuador",Movie,2014,1
"United States, Botswana",Movie,2016,1
"United States, Brazil",Movie,2012,1
"United States, Brazil, India, Uganda, China",Movie,2018,1
"United States, Brazil, Japan, Spain, India",TV Show,2021,1
"United States, Brazil, South Korea, Mexico, Japan, Germany",TV Show,2018,1
"United States, Bulgaria",Movie,2014,1
"United States, Bulgaria",Movie,2016,1
"United States, Bulgaria",Movie,2017,1
"United States, Bulgaria",Movie,2020,1
"United States, Cambodia",Movie,2016,1
"United States, Cambodia, Romania",Movie,2016,1
"United States, Canada",Movie,2002,1
"United States, Canada",Movie,2003,1
"United States, Canada",Movie,2004,1
"United States, Canada",Movie,2005,1
"United States, Canada",Movie,2021,1
"United States, Canada",TV Show,1989,1
"United States, Canada",TV Show,1993,1
"United States, Canada",TV Show,2006,1
"United States, Canada",TV Show,2010,1
"United States, Canada",TV Show,2012,1
"United States, Canada",TV Show,2015,1
"United States, Canada, Belgium, United Kingdom",Movie,2012,1
"United States, Canada, China",Movie,2016,1
"United States, Canada, France",Movie,2009,1
"United States, Canada, Germany",Movie,2004,1
"United States, Canada, Indonesia, United Kingdom, China, Singapore",Movie,2017,1
"United States, Canada, Ireland",Movie,2016,1
"United States, Canada, Japan, Panama",Movie,2015,1
"United States, Canada, United Kingdom",Movie,2020,1
"United States, Chile",Movie,2012,1
"United States, Chile",Movie,2013,1
"United States, Chile",TV Show,2015,1
"United States, Chile, Israel",Movie,2015,1
"United States, China",Movie,2011,1
"United States, China",Movie,2019,1
"United States, China, Canada",Movie,2018,1
"United States, China, Colombia",Movie,2018,1
"United States, China, Hong Kong",Movie,2013,1
"United States, China, Hong Kong",Movie,2017,1
"United States, China, United Kingdom",Movie,2020,1
"United States, Colombia",TV Show,2019,1
"United States, Colombia, Mexico",TV Show,2017,1
"United States, Czech Republic",Movie,2004,1
"United States, Czech Republic",Movie,2006,1
"United States, Czech Republic",TV Show,2021,1
"United States, Czech Republic, United Kingdom",Movie,2005,1
"United States, Denmark",Movie,2017,1
"United States, East Germany, West Germany",Movie,1971,1
"United States, France",Movie,1992,1
"United States, France",Movie,1994,1
"United States, France",Movie,2013,1
"United States, France",Movie,2018,1
"United States, France",TV Show,2016,1
"United States, France",TV Show,2020,1
"United States, France, Canada",TV Show,2020,1
"United States, France, Canada, Belgium",Movie,2013,1
"United States, France, Canada, Lebanon, Qatar",Movie,2014,1
"United States, France, Canada, Spain",Movie,2003,1
"United States, France, Denmark",TV Show,2019,1
"United States, France, Italy, United Kingdom",Movie,2010,1
"United States, France, Japan",Movie,2011,1
"United States, France, Japan",Movie,2019,1
"United States, France, Japan",TV Show,1996,1
"United States, France, Japan",TV Show,1998,1
"United States, France, Japan",TV Show,1999,1
"United States, France, Mexico",Movie,1993,1
"United States, France, Serbia",Movie,2014,1
"United States, France, South Korea, Indonesia",TV Show,2016,1
"United States, France, United Kingdom",Movie,2000,1
"United States, France, United Kingdom, Japan",Movie,2005,1
"United States, Germany",Movie,2000,1
"United States, Germany",Movie,2002,1
"United States, Germany",Movie,2003,1
"United States, Germany",Movie,2007,1
"United States, Germany",Movie,2011,1
"United States, Germany",Movie,2019,1
"United States, Germany, Australia",Movie,2005,1
"United States, Germany, Canada",Movie,1999,1
"United States, Germany, Canada",Movie,2001,1
"United States, Germany, Canada",Movie,2002,1
"United States, Germany, Mexico",Movie,1998,1
"United States, Germany, United Kingdom",Movie,2003,1
"United States, Germany, United Kingdom, Australia",Movie,2009,1
"United States, Germany, United Kingdom, Italy",Movie,2009,1
"United States, Ghana, Burkina Faso, United Kingdom, Germany, Ethiopia",Movie,1993,1
"United States, Greece, Brazil",Movie,2016,1
"United States, Greece, United Kingdom",Movie,2014,1
"United States, Hong Kong",Movie,1991,1
"United States, Hong Kong",Movie,2006,1
"United States, Hong Kong",Movie,2016,1
"United States, Hungary",Movie,2016,1
"United States, Hungary, Ireland, Canada",TV Show,2013,1
"United States, Iceland",Movie,2017,1
"United States, India",Movie,2012,1
"United States, India",Movie,2013,1
"United States, India",Movie,2014,1
"United States, India",Movie,2021,1
"United States, India",TV Show,2020,1
"United States, India, Bangladesh",Movie,2012,1
"United States, India, France",Movie,2013,1
"United States, India, South Korea, China",Movie,2019,1
"United States, India, United Arab Emirates",Movie,2014,1
"United States, India, United Kingdom",Movie,2016,1
"United States, Indonesia",Movie,2015,1
"United States, Ireland",Movie,2010,1
"United States, Ireland",Movie,2016,1
"United States, Ireland",TV Show,2016,1
"United States, Ireland, United Kingdom, India",TV Show,2015,1
"United States, Israel, Italy, South Africa",TV Show,2013,1
"United States, Israel, United Kingdom, Canada",Movie,2018,1
"United States, Italy",Movie,2002,1
"United States, Italy",Movie,2009,1
"United States, Italy",Movie,2013,1
"United States, Italy",Movie,2016,1
"United States, Italy",TV Show,2011,1
"United States, Italy, France, Japan",Movie,1993,1
"United States, Italy, Romania, United Kingdom",Movie,2003,1
"United States, Italy, United Kingdom, Liechtenstein",Movie,1965,1
"United States, Japan",Movie,2003,1
"United States, Japan",Movie,2009,1
"United States, Japan",Movie,2017,1
"United States, Japan",Movie,2019,1
"United States, Japan",Movie,2020,1
"United States, Japan",Movie,2021,1
"United States, Japan",TV Show,1985,1
"United States, Japan",TV Show,2010,1
"United States, Japan",TV Show,2011,1
"United States, Japan",TV Show,2017,1
"United States, Japan",TV Show,2020,1
"United States, Japan",TV Show,2021,1
"United States, Japan, Canada",TV Show,2014,1
"United States, Japan, Canada",TV Show,2018,1
"United States, Kazakhstan",Movie,2016,1
"United States, Malta, France, United Kingdom",Movie,2006,1
"United States, Mexico",Movie,1990,1
"United States, Mexico",Movie,1994,1
"United States, Mexico",Movie,1999,1
"United States, Mexico",Movie,2006,1
"United States, Mexico",Movie,2012,1
"United States, Mexico",TV Show,2016,1
"United States, Mexico",TV Show,2018,1
"United States, Mexico",TV Show,2021,1
"United States, Mexico, Colombia",TV Show,2019,1
"United States, Mexico, Spain, Malta",TV Show,2018,1
"United States, Morocco",Movie,2015,1
"United States, Netherlands, Japan, France",TV Show,2002,1
"United States, New Zealand",Movie,1998,1
"United States, New Zealand",Movie,2009,1
"United States, New Zealand",TV Show,2003,1
"United States, New Zealand",TV Show,2005,1
"United States, New Zealand",TV Show,2018,1
"United States, New Zealand, Japan",TV Show,2007,1
"United States, New Zealand, United Kingdom",Movie,2011,1
"United States, Nicaragua",Movie,2015,1
"United States, Nigeria",Movie,2010,1
"United States, Nigeria",Movie,2018,1
"United States, Norway, Canada",Movie,2019,1
"United States, Philippines",Movie,2019,1
"United States, Poland",TV Show,2019,1
"United States, Russia",Movie,2011,1
"United States, Russia",Movie,2013,1
"United States, Russia",Movie,2014,1
"United States, Russia",TV Show,2012,1
"United States, Senegal",Movie,2015,1
"United States, Singapore",TV Show,2021,1
"United States, South Africa",Movie,2008,1
"United States, South Africa",Movie,2017,1
"United States, South Africa",Movie,2018,1
"United States, South Korea",Movie,2008,1
"United States, South Korea",Movie,2019,1
"United States, South Korea, China",TV Show,2016,1
"United States, South Korea, China",TV Show,2020,1
"United States, South Korea, Japan",Movie,2017,1
"United States, Spain",Movie,2001,1
"United States, Spain",Movie,2013,1
"United States, Spain, Germany",Movie,2015,1
"United States, Sweden",Movie,2016,1
"United States, Sweden",Movie,2017,1
"United States, Sweden",TV Show,2015,1
"United States, Sweden, Norway",Movie,2011,1
"United States, Switzerland",Movie,2015,1
"United States, Taiwan",Movie,2018,1
"United States, Thailand",Movie,2015,1
"United States, Thailand",Movie,2020,1
"United States, United Arab Emirates",Movie,2002,1
"United States, United Arab Emirates",Movie,2009,1
"United States, United Arab Emirates",Movie,2015,1
"United States, United Kingdom",Movie,1944,1
"United States, United Kingdom",Movie,1977,1
"United States, United Kingdom",Movie,1982,1
"United States, United Kingdom",Movie,1986,1
"United States, United Kingdom",Movie,1990,1
"United States, United Kingdom",Movie,1992,1
"United States, United Kingdom",Movie,2001,1
"United States, United Kingdom",Movie,2003,1
"United States, United Kingdom",Movie,2005,1
"United States, United Kingdom",Movie,2006,1
"United States, United Kingdom",Movie,2012,1
"United States, United Kingdom",Movie,2015,1
"United States, United Kingdom",Movie,2019,1
"United States, United Kingdom",Movie,2020,1
"United States, United Kingdom",Movie,2021,1
"United States, United Kingdom",TV Show,2005,1
"United States, United Kingdom",TV Show,2007,1
"United States, United Kingdom",TV Show,2017,1
"United States, United Kingdom",TV Show,2019,1
"United States, United Kingdom, Australia",Movie,2009,1
"United States, United Kingdom, Australia",Movie,2010,1
"United States, United Kingdom, Australia",Movie,2013,1
"United States, United Kingdom, Australia",TV Show,2017,1
"United States, United Kingdom, Canada",Movie,2007,1
"United States, United Kingdom, Canada",Movie,2015,1
"United States, United Kingdom, Canada, China",Movie,2014,1
"United States, United Kingdom, Canada, Japan",Movie,2010,1
"United States, United Kingdom, Denmark, Sweden",Movie,2014,1
"United States, United Kingdom, France",Movie,2008,1
"United States, United Kingdom, France",Movie,2015,1
"United States, United Kingdom, France, Germany, Japan",Movie,2013,1
"United States, United Kingdom, Germany",Movie,2005,1
"United States, United Kingdom, Germany",Movie,2019,1
"United States, United Kingdom, Germany, Hungary",Movie,2003,1
"United States, United Kingdom, India",Movie,2020,1
"United States, United Kingdom, Italy",Movie,2001,1
"United States, United Kingdom, Japan",Movie,2016,1
"United States, United Kingdom, Morocco",Movie,2015,1
"United States, United Kingdom, New Zealand",Movie,2009,1
"United States, United Kingdom, Spain, South Korea",Movie,2015,1
"United States, Uruguay",Movie,2015,1
"United States, Venezuela",Movie,2016,1
Uruguay,Movie,2017,1
Uruguay,Movie,2019,1
Uruguay,Movie,2020,1
"Uruguay, Argentina",Movie,2019,1
"Uruguay, Argentina, Germany, Spain",Movie,2004,1
"Uruguay, Argentina, Spain",Movie,2018,1
"Uruguay, Germany",TV Show,2021,1
"Uruguay, Guatemala",Movie,2019,1
"Uruguay, Spain, Mexico",Movie,2018,1
Venezuela,Movie,2017,1
"Venezuela, Colombia",Movie,2007,1
Vietnam,Movie,2014,1
Vietnam,Movie,2015,1
Vietnam,Movie,2016,1
Vietnam,Movie,2020,1
Vietnam,Movie,2021,1
West Germany,Movie,1977,1
Zimbabwe,Movie,2017,1
